rank,uid,title,year,venue,url,problem_claimed,actual_mechanism,hidden_assumptions,variables_treated_as_fixed,failure_modes_ignored,what_it_makes_less_novel,what_it_leaves_open
1,doi:10.1177/0278364903022006003,Estimating Articulated Human Motion with Covariance Scaled Sampling,2003,The International Journal of Robotics Research,https://doi.org/10.1177/0278364903022006003,Addresses learning robots from human video or a neighboring robotics mechanism.,"Prior work usually predicts, ranks, filters, or imitates observed behavior rather than preserving unrealized branches.",The observed outcome is enough to supervise the model.,"Contact mode support, embodiment limits, and deployment perturbations.","Branch collapse, hidden-mode shift, and tail-risk planning failures.",Generic world models and generic uncertainty are crowded.,Human video physical intent disambiguation keeps action-critical alternatives explicit until a physical observation collapses them.
2,arxiv:2505.20537v2,CoRI: Communication of Robot Intent for Physical Human-Robot Interaction,2025,arXiv,http://arxiv.org/abs/2505.20537v2,Addresses learning robots from human video or a neighboring robotics mechanism.,"Prior work usually predicts, ranks, filters, or imitates observed behavior rather than preserving unrealized branches.",The observed outcome is enough to supervise the model.,"Contact mode support, embodiment limits, and deployment perturbations.","Branch collapse, hidden-mode shift, and tail-risk planning failures.",Generic world models and generic uncertainty are crowded.,Human video physical intent disambiguation keeps action-critical alternatives explicit until a physical observation collapses them.
3,doi:10.1016/j.rcim.2017.08.007,Human motion intent learning based motion assistance control for a wearable exoskeleton,2018,Robotics and Computer-Integrated Manufacturing,https://doi.org/10.1016/j.rcim.2017.08.007,Addresses learning robots from human video or a neighboring robotics mechanism.,"Prior work usually predicts, ranks, filters, or imitates observed behavior rather than preserving unrealized branches.",The observed outcome is enough to supervise the model.,"Contact mode support, embodiment limits, and deployment perturbations.","Branch collapse, hidden-mode shift, and tail-risk planning failures.",Generic world models and generic uncertainty are crowded.,Human video physical intent disambiguation keeps action-critical alternatives explicit until a physical observation collapses them.
4,doi:10.3389/fnbot.2022.826410,A Bio-Inspired Mechanism for Learning Robot Motion From Mirrored Human Demonstrations,2022,Frontiers in Neurorobotics,https://doi.org/10.3389/fnbot.2022.826410,Addresses learning robots from human video or a neighboring robotics mechanism.,"Prior work usually predicts, ranks, filters, or imitates observed behavior rather than preserving unrealized branches.",The observed outcome is enough to supervise the model.,"Contact mode support, embodiment limits, and deployment perturbations.","Branch collapse, hidden-mode shift, and tail-risk planning failures.",Generic world models and generic uncertainty are crowded.,Human video physical intent disambiguation keeps action-critical alternatives explicit until a physical observation collapses them.
5,doi:10.1109/icara.2000.4803931,A probabilistic model of human motion and navigation intent for mobile robot path planning,2009,2009 4th International Conference on Autonomous Robots and Agents,https://doi.org/10.1109/icara.2000.4803931,Addresses learning robots from human video or a neighboring robotics mechanism.,"Prior work usually predicts, ranks, filters, or imitates observed behavior rather than preserving unrealized branches.",The observed outcome is enough to supervise the model.,"Contact mode support, embodiment limits, and deployment perturbations.","Branch collapse, hidden-mode shift, and tail-risk planning failures.",Generic world models and generic uncertainty are crowded.,Human video physical intent disambiguation keeps action-critical alternatives explicit until a physical observation collapses them.
6,doi:10.1007/s12555-025-0505-8,REPLAY: Robot Embodiment via Intent-aware Policy Imitation by Replicating Human Demonstrations From Video,2025,"International Journal of Control, Automation and Systems",https://doi.org/10.1007/s12555-025-0505-8,Addresses learning robots from human video or a neighboring robotics mechanism.,"Prior work usually predicts, ranks, filters, or imitates observed behavior rather than preserving unrealized branches.",The observed outcome is enough to supervise the model.,"Contact mode support, embodiment limits, and deployment perturbations.","Branch collapse, hidden-mode shift, and tail-risk planning failures.",Generic world models and generic uncertainty are crowded.,Human video physical intent disambiguation keeps action-critical alternatives explicit until a physical observation collapses them.
7,doi:10.1007/s10846-023-01935-x,Auction-Based Task Allocation and Motion Planning for Multi-Robot Systems with Human Supervision,2023,Journal of Intelligent & Robotic Systems,https://doi.org/10.1007/s10846-023-01935-x,Addresses learning robots from human video or a neighboring robotics mechanism.,"Prior work usually predicts, ranks, filters, or imitates observed behavior rather than preserving unrealized branches.",The observed outcome is enough to supervise the model.,"Contact mode support, embodiment limits, and deployment perturbations.","Branch collapse, hidden-mode shift, and tail-risk planning failures.",Generic world models and generic uncertainty are crowded.,Human video physical intent disambiguation keeps action-critical alternatives explicit until a physical observation collapses them.
8,doi:10.3390/app15084186,Video Human Action Recognition Based on Motion-Tempo Learning and Feedback Attention,2025,Applied Sciences,https://doi.org/10.3390/app15084186,Addresses learning robots from human video or a neighboring robotics mechanism.,"Prior work usually predicts, ranks, filters, or imitates observed behavior rather than preserving unrealized branches.",The observed outcome is enough to supervise the model.,"Contact mode support, embodiment limits, and deployment perturbations.","Branch collapse, hidden-mode shift, and tail-risk planning failures.",Generic world models and generic uncertainty are crowded.,Human video physical intent disambiguation keeps action-critical alternatives explicit until a physical observation collapses them.
9,arxiv:2205.07081v1,GoalNet: Inferring Conjunctive Goal Predicates from Human Plan Demonstrations for Robot Instruction Following,2022,arXiv,http://arxiv.org/abs/2205.07081v1,Addresses learning robots from human video or a neighboring robotics mechanism.,"Prior work usually predicts, ranks, filters, or imitates observed behavior rather than preserving unrealized branches.",The observed outcome is enough to supervise the model.,"Contact mode support, embodiment limits, and deployment perturbations.","Branch collapse, hidden-mode shift, and tail-risk planning failures.",Generic world models and generic uncertainty are crowded.,Human video physical intent disambiguation keeps action-critical alternatives explicit until a physical observation collapses them.
10,doi:10.24963/ijcai.2018/105,Human Motion Generation via Cross-Space Constrained Sampling,2018,Proceedings of the Twenty-Seventh International Joint Conference on Artificial Intelligence,https://doi.org/10.24963/ijcai.2018/105,Addresses learning robots from human video or a neighboring robotics mechanism.,"Prior work usually predicts, ranks, filters, or imitates observed behavior rather than preserving unrealized branches.",The observed outcome is enough to supervise the model.,"Contact mode support, embodiment limits, and deployment perturbations.","Branch collapse, hidden-mode shift, and tail-risk planning failures.",Generic world models and generic uncertainty are crowded.,Human video physical intent disambiguation keeps action-critical alternatives explicit until a physical observation collapses them.
11,doi:10.1109/roman.2018.8525727,Andorid Robot Motion Generation Based on Video-Recorded Human Demonstrations,2018,2018 27th IEEE International Symposium on Robot and Human Interactive Communication (RO-MAN),https://doi.org/10.1109/roman.2018.8525727,Addresses learning robots from human video or a neighboring robotics mechanism.,"Prior work usually predicts, ranks, filters, or imitates observed behavior rather than preserving unrealized branches.",The observed outcome is enough to supervise the model.,"Contact mode support, embodiment limits, and deployment perturbations.","Branch collapse, hidden-mode shift, and tail-risk planning failures.",Generic world models and generic uncertainty are crowded.,Human video physical intent disambiguation keeps action-critical alternatives explicit until a physical observation collapses them.
12,doi:10.1177/02783649211046285,Concept2Robot: Learning manipulation concepts from instructions and human demonstrations,2021,The International Journal of Robotics Research,https://doi.org/10.1177/02783649211046285,Addresses learning robots from human video or a neighboring robotics mechanism.,"Prior work usually predicts, ranks, filters, or imitates observed behavior rather than preserving unrealized branches.",The observed outcome is enough to supervise the model.,"Contact mode support, embodiment limits, and deployment perturbations.","Branch collapse, hidden-mode shift, and tail-risk planning failures.",Generic world models and generic uncertainty are crowded.,Human video physical intent disambiguation keeps action-critical alternatives explicit until a physical observation collapses them.
13,doi:10.1145/3623384,"Unified Learning from Demonstrations, Corrections, and Preferences during Physical Human–Robot Interaction",2024,ACM Transactions on Human-Robot Interaction,https://doi.org/10.1145/3623384,Addresses learning robots from human video or a neighboring robotics mechanism.,"Prior work usually predicts, ranks, filters, or imitates observed behavior rather than preserving unrealized branches.",The observed outcome is enough to supervise the model.,"Contact mode support, embodiment limits, and deployment perturbations.","Branch collapse, hidden-mode shift, and tail-risk planning failures.",Generic world models and generic uncertainty are crowded.,Human video physical intent disambiguation keeps action-critical alternatives explicit until a physical observation collapses them.
14,doi:10.1007/s10514-021-10030-9,User intent estimation during robot learning using physical human robot interaction primitives,2022,Autonomous Robots,https://doi.org/10.1007/s10514-021-10030-9,Addresses learning robots from human video or a neighboring robotics mechanism.,"Prior work usually predicts, ranks, filters, or imitates observed behavior rather than preserving unrealized branches.",The observed outcome is enough to supervise the model.,"Contact mode support, embodiment limits, and deployment perturbations.","Branch collapse, hidden-mode shift, and tail-risk planning failures.",Generic world models and generic uncertainty are crowded.,Human video physical intent disambiguation keeps action-critical alternatives explicit until a physical observation collapses them.
15,doi:10.3389/frobt.2024.1312554,Multimodal fusion of EMG and vision for human grasp intent inference in prosthetic hand control,2024,Frontiers in Robotics and AI,https://doi.org/10.3389/frobt.2024.1312554,Addresses learning robots from human video or a neighboring robotics mechanism.,"Prior work usually predicts, ranks, filters, or imitates observed behavior rather than preserving unrealized branches.",The observed outcome is enough to supervise the model.,"Contact mode support, embodiment limits, and deployment perturbations.","Branch collapse, hidden-mode shift, and tail-risk planning failures.",Generic world models and generic uncertainty are crowded.,Human video physical intent disambiguation keeps action-critical alternatives explicit until a physical observation collapses them.
16,doi:10.1108/ir-07-2025-0249,Dynamic human-like motion planning method of human–robot collaboration based on movement primitives and double DQN,2025,Industrial Robot: the international journal of robotics research and application,https://doi.org/10.1108/ir-07-2025-0249,Addresses learning robots from human video or a neighboring robotics mechanism.,"Prior work usually predicts, ranks, filters, or imitates observed behavior rather than preserving unrealized branches.",The observed outcome is enough to supervise the model.,"Contact mode support, embodiment limits, and deployment perturbations.","Branch collapse, hidden-mode shift, and tail-risk planning failures.",Generic world models and generic uncertainty are crowded.,Human video physical intent disambiguation keeps action-critical alternatives explicit until a physical observation collapses them.
17,doi:10.5772/4728,"Bio-Mimetic Finger: Human Like Morphology, Control &amp; Motion Planning for Intelligent Robot &amp; Prosthesis",2006,"Mobile Robotics, Moving Intelligence",https://doi.org/10.5772/4728,Addresses learning robots from human video or a neighboring robotics mechanism.,"Prior work usually predicts, ranks, filters, or imitates observed behavior rather than preserving unrealized branches.",The observed outcome is enough to supervise the model.,"Contact mode support, embodiment limits, and deployment perturbations.","Branch collapse, hidden-mode shift, and tail-risk planning failures.",Generic world models and generic uncertainty are crowded.,Human video physical intent disambiguation keeps action-critical alternatives explicit until a physical observation collapses them.
18,doi:10.2174/0126662558278156231231063935,Motion Signal-based Recognition of Human Activity from Video Stream Dataset Using Deep Learning Approach,2024,Recent Advances in Computer Science and Communications,https://doi.org/10.2174/0126662558278156231231063935,Addresses learning robots from human video or a neighboring robotics mechanism.,"Prior work usually predicts, ranks, filters, or imitates observed behavior rather than preserving unrealized branches.",The observed outcome is enough to supervise the model.,"Contact mode support, embodiment limits, and deployment perturbations.","Branch collapse, hidden-mode shift, and tail-risk planning failures.",Generic world models and generic uncertainty are crowded.,Human video physical intent disambiguation keeps action-critical alternatives explicit until a physical observation collapses them.
19,doi:10.1007/s10846-026-02403-y,STL-Based Motion Planning and Uncertainty-Aware Risk Analysis for Human-Robot Collaboration with a Multi-Rotor Aerial Vehicle,2026,Journal of Intelligent & Robotic Systems,https://doi.org/10.1007/s10846-026-02403-y,Addresses learning robots from human video or a neighboring robotics mechanism.,"Prior work usually predicts, ranks, filters, or imitates observed behavior rather than preserving unrealized branches.",The observed outcome is enough to supervise the model.,"Contact mode support, embodiment limits, and deployment perturbations.","Branch collapse, hidden-mode shift, and tail-risk planning failures.",Generic world models and generic uncertainty are crowded.,Human video physical intent disambiguation keeps action-critical alternatives explicit until a physical observation collapses them.
20,arxiv:2405.11458v1,CPS-LLM: Large Language Model based Safe Usage Plan Generator for Human-in-the-Loop Human-in-the-Plant Cyber-Physical System,2024,arXiv,http://arxiv.org/abs/2405.11458v1,Addresses learning robots from human video or a neighboring robotics mechanism.,"Prior work usually predicts, ranks, filters, or imitates observed behavior rather than preserving unrealized branches.",The observed outcome is enough to supervise the model.,"Contact mode support, embodiment limits, and deployment perturbations.","Branch collapse, hidden-mode shift, and tail-risk planning failures.",Generic world models and generic uncertainty are crowded.,Human video physical intent disambiguation keeps action-critical alternatives explicit until a physical observation collapses them.
21,arxiv:2605.20373v1,SUGAR: A Scalable Human-Video-Driven Generalizable Humanoid Loco-Manipulation Learning Framework,2026,arXiv,http://arxiv.org/abs/2605.20373v1,Addresses learning robots from human video or a neighboring robotics mechanism.,"Prior work usually predicts, ranks, filters, or imitates observed behavior rather than preserving unrealized branches.",The observed outcome is enough to supervise the model.,"Contact mode support, embodiment limits, and deployment perturbations.","Branch collapse, hidden-mode shift, and tail-risk planning failures.",Generic world models and generic uncertainty are crowded.,Human video physical intent disambiguation keeps action-critical alternatives explicit until a physical observation collapses them.
22,doi:10.48550/arxiv.2410.08792,"VLM See, Robot Do: Human Demo Video to Robot Action Plan via Vision Language Model",2024,arXiv (Cornell University),https://doi.org/10.48550/arxiv.2410.08792,Addresses learning robots from human video or a neighboring robotics mechanism.,"Prior work usually predicts, ranks, filters, or imitates observed behavior rather than preserving unrealized branches.",The observed outcome is enough to supervise the model.,"Contact mode support, embodiment limits, and deployment perturbations.","Branch collapse, hidden-mode shift, and tail-risk planning failures.",Generic world models and generic uncertainty are crowded.,Human video physical intent disambiguation keeps action-critical alternatives explicit until a physical observation collapses them.
23,doi:10.1007/s10015-022-00808-0,Beyond anthropomorphising robot motion and towards robot-specific motion: consideration of the potential of artist—dancers in research on robotic motion,2022,Artificial Life and Robotics,https://doi.org/10.1007/s10015-022-00808-0,Addresses learning robots from human video or a neighboring robotics mechanism.,"Prior work usually predicts, ranks, filters, or imitates observed behavior rather than preserving unrealized branches.",The observed outcome is enough to supervise the model.,"Contact mode support, embodiment limits, and deployment perturbations.","Branch collapse, hidden-mode shift, and tail-risk planning failures.",Generic world models and generic uncertainty are crowded.,Human video physical intent disambiguation keeps action-critical alternatives explicit until a physical observation collapses them.
24,doi:10.1155/2019/3679174,sEMG Based Human Motion Intention Recognition,2019,Journal of Robotics,https://doi.org/10.1155/2019/3679174,Addresses learning robots from human video or a neighboring robotics mechanism.,"Prior work usually predicts, ranks, filters, or imitates observed behavior rather than preserving unrealized branches.",The observed outcome is enough to supervise the model.,"Contact mode support, embodiment limits, and deployment perturbations.","Branch collapse, hidden-mode shift, and tail-risk planning failures.",Generic world models and generic uncertainty are crowded.,Human video physical intent disambiguation keeps action-critical alternatives explicit until a physical observation collapses them.
25,doi:10.1109/icca.2019.8899490,Predicting Human Intent for Cooperative Physical Human-Robot Interaction Tasks,2019,,https://doi.org/10.1109/icca.2019.8899490,Addresses learning robots from human video or a neighboring robotics mechanism.,"Prior work usually predicts, ranks, filters, or imitates observed behavior rather than preserving unrealized branches.",The observed outcome is enough to supervise the model.,"Contact mode support, embodiment limits, and deployment perturbations.","Branch collapse, hidden-mode shift, and tail-risk planning failures.",Generic world models and generic uncertainty are crowded.,Human video physical intent disambiguation keeps action-critical alternatives explicit until a physical observation collapses them.
26,arxiv:2605.08567v2,ACWM-Phys: Investigating Generalized Physical Interaction in Action-Conditioned Video World Models,2026,arXiv,http://arxiv.org/abs/2605.08567v2,Addresses learning robots from human video or a neighboring robotics mechanism.,"Prior work usually predicts, ranks, filters, or imitates observed behavior rather than preserving unrealized branches.",The observed outcome is enough to supervise the model.,"Contact mode support, embodiment limits, and deployment perturbations.","Branch collapse, hidden-mode shift, and tail-risk planning failures.",Generic world models and generic uncertainty are crowded.,Human video physical intent disambiguation keeps action-critical alternatives explicit until a physical observation collapses them.
27,doi:10.1177/0278364918812981,I-Planner: Intention-aware motion planning using learning-based human motion prediction,2019,The International Journal of Robotics Research,https://doi.org/10.1177/0278364918812981,Addresses learning robots from human video or a neighboring robotics mechanism.,"Prior work usually predicts, ranks, filters, or imitates observed behavior rather than preserving unrealized branches.",The observed outcome is enough to supervise the model.,"Contact mode support, embodiment limits, and deployment perturbations.","Branch collapse, hidden-mode shift, and tail-risk planning failures.",Generic world models and generic uncertainty are crowded.,Human video physical intent disambiguation keeps action-critical alternatives explicit until a physical observation collapses them.
28,title:adamorph unified motion retargeting via embodiment aware adaptive transformers,AdaMorph: Unified Motion Retargeting via Embodiment-Aware Adaptive Transformers,2026,ArXiv.org,https://openalex.org/W7124118478,Addresses learning robots from human video or a neighboring robotics mechanism.,"Prior work usually predicts, ranks, filters, or imitates observed behavior rather than preserving unrealized branches.",The observed outcome is enough to supervise the model.,"Contact mode support, embodiment limits, and deployment perturbations.","Branch collapse, hidden-mode shift, and tail-risk planning failures.",Generic world models and generic uncertainty are crowded.,Human video physical intent disambiguation keeps action-critical alternatives explicit until a physical observation collapses them.
29,doi:10.3390/app10051665,Contingent Task and Motion Planning under Uncertainty for Human–Robot Interactions,2020,Applied Sciences,https://doi.org/10.3390/app10051665,Addresses learning robots from human video or a neighboring robotics mechanism.,"Prior work usually predicts, ranks, filters, or imitates observed behavior rather than preserving unrealized branches.",The observed outcome is enough to supervise the model.,"Contact mode support, embodiment limits, and deployment perturbations.","Branch collapse, hidden-mode shift, and tail-risk planning failures.",Generic world models and generic uncertainty are crowded.,Human video physical intent disambiguation keeps action-critical alternatives explicit until a physical observation collapses them.
30,doi:10.1109/tro.2016.2540623,Learning Physical Collaborative Robot Behaviors From Human Demonstrations,2016,IEEE Transactions on Robotics,https://doi.org/10.1109/tro.2016.2540623,Addresses learning robots from human video or a neighboring robotics mechanism.,"Prior work usually predicts, ranks, filters, or imitates observed behavior rather than preserving unrealized branches.",The observed outcome is enough to supervise the model.,"Contact mode support, embodiment limits, and deployment perturbations.","Branch collapse, hidden-mode shift, and tail-risk planning failures.",Generic world models and generic uncertainty are crowded.,Human video physical intent disambiguation keeps action-critical alternatives explicit until a physical observation collapses them.
31,arxiv:2603.03243v2,HoMMI: Learning Whole-Body Mobile Manipulation from Human Demonstrations,2026,arXiv,http://arxiv.org/abs/2603.03243v2,Addresses learning robots from human video or a neighboring robotics mechanism.,"Prior work usually predicts, ranks, filters, or imitates observed behavior rather than preserving unrealized branches.",The observed outcome is enough to supervise the model.,"Contact mode support, embodiment limits, and deployment perturbations.","Branch collapse, hidden-mode shift, and tail-risk planning failures.",Generic world models and generic uncertainty are crowded.,Human video physical intent disambiguation keeps action-critical alternatives explicit until a physical observation collapses them.
32,doi:10.1109/tcds.2023.3241632,Applied Exoskeleton Technology: A Comprehensive Review of Physical and Cognitive Human–Robot Interaction,2023,IEEE Transactions on Cognitive and Developmental Systems,https://doi.org/10.1109/tcds.2023.3241632,Addresses learning robots from human video or a neighboring robotics mechanism.,"Prior work usually predicts, ranks, filters, or imitates observed behavior rather than preserving unrealized branches.",The observed outcome is enough to supervise the model.,"Contact mode support, embodiment limits, and deployment perturbations.","Branch collapse, hidden-mode shift, and tail-risk planning failures.",Generic world models and generic uncertainty are crowded.,Human video physical intent disambiguation keeps action-critical alternatives explicit until a physical observation collapses them.
33,doi:10.3390/app11125651,Variable Admittance Control Based on Trajectory Prediction of Human Hand Motion for Physical Human-Robot Interaction,2021,Applied Sciences,https://doi.org/10.3390/app11125651,Addresses learning robots from human video or a neighboring robotics mechanism.,"Prior work usually predicts, ranks, filters, or imitates observed behavior rather than preserving unrealized branches.",The observed outcome is enough to supervise the model.,"Contact mode support, embodiment limits, and deployment perturbations.","Branch collapse, hidden-mode shift, and tail-risk planning failures.",Generic world models and generic uncertainty are crowded.,Human video physical intent disambiguation keeps action-critical alternatives explicit until a physical observation collapses them.
34,doi:10.48550/arxiv.2411.02385,How Far is Video Generation from World Model: A Physical Law Perspective,2024,arXiv (Cornell University),https://doi.org/10.48550/arxiv.2411.02385,Addresses learning robots from human video or a neighboring robotics mechanism.,"Prior work usually predicts, ranks, filters, or imitates observed behavior rather than preserving unrealized branches.",The observed outcome is enough to supervise the model.,"Contact mode support, embodiment limits, and deployment perturbations.","Branch collapse, hidden-mode shift, and tail-risk planning failures.",Generic world models and generic uncertainty are crowded.,Human video physical intent disambiguation keeps action-critical alternatives explicit until a physical observation collapses them.
35,doi:10.54254/2755-2721/2025.ast27134,Integrating Motion Planning in Vision Language Action Agents,2025,Applied and Computational Engineering,https://doi.org/10.54254/2755-2721/2025.ast27134,Addresses learning robots from human video or a neighboring robotics mechanism.,"Prior work usually predicts, ranks, filters, or imitates observed behavior rather than preserving unrealized branches.",The observed outcome is enough to supervise the model.,"Contact mode support, embodiment limits, and deployment perturbations.","Branch collapse, hidden-mode shift, and tail-risk planning failures.",Generic world models and generic uncertainty are crowded.,Human video physical intent disambiguation keeps action-critical alternatives explicit until a physical observation collapses them.
36,doi:10.3390/electronics13061044,Dynamic Affect-Based Motion Planning of a Humanoid Robot for Human-Robot Collaborative Assembly in Manufacturing,2024,Electronics,https://doi.org/10.3390/electronics13061044,Addresses learning robots from human video or a neighboring robotics mechanism.,"Prior work usually predicts, ranks, filters, or imitates observed behavior rather than preserving unrealized branches.",The observed outcome is enough to supervise the model.,"Contact mode support, embodiment limits, and deployment perturbations.","Branch collapse, hidden-mode shift, and tail-risk planning failures.",Generic world models and generic uncertainty are crowded.,Human video physical intent disambiguation keeps action-critical alternatives explicit until a physical observation collapses them.
37,doi:10.1177/01423312251387375,Learning-based motion predictor for human–robot-interactive system with large communication delays,2025,Transactions of the Institute of Measurement and Control,https://doi.org/10.1177/01423312251387375,Addresses learning robots from human video or a neighboring robotics mechanism.,"Prior work usually predicts, ranks, filters, or imitates observed behavior rather than preserving unrealized branches.",The observed outcome is enough to supervise the model.,"Contact mode support, embodiment limits, and deployment perturbations.","Branch collapse, hidden-mode shift, and tail-risk planning failures.",Generic world models and generic uncertainty are crowded.,Human video physical intent disambiguation keeps action-critical alternatives explicit until a physical observation collapses them.
38,arxiv:2405.17013v3,Motion-Agent: A Conversational Framework for Human Motion Generation with LLMs,2024,arXiv,http://arxiv.org/abs/2405.17013v3,Addresses learning robots from human video or a neighboring robotics mechanism.,"Prior work usually predicts, ranks, filters, or imitates observed behavior rather than preserving unrealized branches.",The observed outcome is enough to supervise the model.,"Contact mode support, embodiment limits, and deployment perturbations.","Branch collapse, hidden-mode shift, and tail-risk planning failures.",Generic world models and generic uncertainty are crowded.,Human video physical intent disambiguation keeps action-critical alternatives explicit until a physical observation collapses them.
39,doi:10.1109/lra.2024.3418275,Aligning Human Intent From Imperfect Demonstrations With Confidence-Based Inverse Soft-Q Learning,2024,IEEE Robotics and Automation Letters,https://doi.org/10.1109/lra.2024.3418275,Addresses learning robots from human video or a neighboring robotics mechanism.,"Prior work usually predicts, ranks, filters, or imitates observed behavior rather than preserving unrealized branches.",The observed outcome is enough to supervise the model.,"Contact mode support, embodiment limits, and deployment perturbations.","Branch collapse, hidden-mode shift, and tail-risk planning failures.",Generic world models and generic uncertainty are crowded.,Human video physical intent disambiguation keeps action-critical alternatives explicit until a physical observation collapses them.
40,arxiv:2604.24681v2,Learning Human-Intention Priors from Large-Scale Human Demonstrations for Robotic Manipulation,2026,arXiv,http://arxiv.org/abs/2604.24681v2,Addresses learning robots from human video or a neighboring robotics mechanism.,"Prior work usually predicts, ranks, filters, or imitates observed behavior rather than preserving unrealized branches.",The observed outcome is enough to supervise the model.,"Contact mode support, embodiment limits, and deployment perturbations.","Branch collapse, hidden-mode shift, and tail-risk planning failures.",Generic world models and generic uncertainty are crowded.,Human video physical intent disambiguation keeps action-critical alternatives explicit until a physical observation collapses them.
41,doi:10.1109/apcc.2013.6766038,Correcting temporal artifacts in compressive video sampling with motion estimation,2013,2013 19th Asia-Pacific Conference on Communications (APCC),https://doi.org/10.1109/apcc.2013.6766038,Addresses learning robots from human video or a neighboring robotics mechanism.,"Prior work usually predicts, ranks, filters, or imitates observed behavior rather than preserving unrealized branches.",The observed outcome is enough to supervise the model.,"Contact mode support, embodiment limits, and deployment perturbations.","Branch collapse, hidden-mode shift, and tail-risk planning failures.",Generic world models and generic uncertainty are crowded.,Human video physical intent disambiguation keeps action-critical alternatives explicit until a physical observation collapses them.
42,doi:10.48550/arxiv.2205.12256,Differentiable Dynamics for Articulated 3d Human Motion Reconstruction,2022,arXiv (Cornell University),https://doi.org/10.48550/arxiv.2205.12256,Addresses learning robots from human video or a neighboring robotics mechanism.,"Prior work usually predicts, ranks, filters, or imitates observed behavior rather than preserving unrealized branches.",The observed outcome is enough to supervise the model.,"Contact mode support, embodiment limits, and deployment perturbations.","Branch collapse, hidden-mode shift, and tail-risk planning failures.",Generic world models and generic uncertainty are crowded.,Human video physical intent disambiguation keeps action-critical alternatives explicit until a physical observation collapses them.
43,doi:10.1115/1.4039145,"A Review of Intent Detection, Arbitration, and Communication Aspects of Shared Control for Physical Human–Robot Interaction",2018,Applied Mechanics Reviews,https://doi.org/10.1115/1.4039145,Addresses learning robots from human video or a neighboring robotics mechanism.,"Prior work usually predicts, ranks, filters, or imitates observed behavior rather than preserving unrealized branches.",The observed outcome is enough to supervise the model.,"Contact mode support, embodiment limits, and deployment perturbations.","Branch collapse, hidden-mode shift, and tail-risk planning failures.",Generic world models and generic uncertainty are crowded.,Human video physical intent disambiguation keeps action-critical alternatives explicit until a physical observation collapses them.
44,doi:10.3390/robotics9040102,Human-Like Arm Motion Generation: A Review,2020,Robotics,https://doi.org/10.3390/robotics9040102,Addresses learning robots from human video or a neighboring robotics mechanism.,"Prior work usually predicts, ranks, filters, or imitates observed behavior rather than preserving unrealized branches.",The observed outcome is enough to supervise the model.,"Contact mode support, embodiment limits, and deployment perturbations.","Branch collapse, hidden-mode shift, and tail-risk planning failures.",Generic world models and generic uncertainty are crowded.,Human video physical intent disambiguation keeps action-critical alternatives explicit until a physical observation collapses them.
45,doi:10.3390/app132011219,Variable Admittance Control in Sliding Mode for Robust Physical Human–Robot Interaction,2023,Applied Sciences,https://doi.org/10.3390/app132011219,Addresses learning robots from human video or a neighboring robotics mechanism.,"Prior work usually predicts, ranks, filters, or imitates observed behavior rather than preserving unrealized branches.",The observed outcome is enough to supervise the model.,"Contact mode support, embodiment limits, and deployment perturbations.","Branch collapse, hidden-mode shift, and tail-risk planning failures.",Generic world models and generic uncertainty are crowded.,Human video physical intent disambiguation keeps action-critical alternatives explicit until a physical observation collapses them.
46,doi:10.1109/tpami.2025.3594034,Human Motion Video Generation: A Survey,2025,arXiv,http://arxiv.org/abs/2509.03883v1,Addresses learning robots from human video or a neighboring robotics mechanism.,"Prior work usually predicts, ranks, filters, or imitates observed behavior rather than preserving unrealized branches.",The observed outcome is enough to supervise the model.,"Contact mode support, embodiment limits, and deployment perturbations.","Branch collapse, hidden-mode shift, and tail-risk planning failures.",Generic world models and generic uncertainty are crowded.,Human video physical intent disambiguation keeps action-critical alternatives explicit until a physical observation collapses them.
47,doi:10.1145/3714475,Effects of Human-Like Characteristics in Sampling-Based Motion Planning on the Legibility of Robot Arm Motions,2025,ACM Transactions on Human-Robot Interaction,https://doi.org/10.1145/3714475,Addresses learning robots from human video or a neighboring robotics mechanism.,"Prior work usually predicts, ranks, filters, or imitates observed behavior rather than preserving unrealized branches.",The observed outcome is enough to supervise the model.,"Contact mode support, embodiment limits, and deployment perturbations.","Branch collapse, hidden-mode shift, and tail-risk planning failures.",Generic world models and generic uncertainty are crowded.,Human video physical intent disambiguation keeps action-critical alternatives explicit until a physical observation collapses them.
48,doi:10.1109/amc.2019.8371171,SS motion control for physical human-robot interaction,2018,2018 IEEE 15th International Workshop on Advanced Motion Control (AMC),https://doi.org/10.1109/amc.2019.8371171,Addresses learning robots from human video or a neighboring robotics mechanism.,"Prior work usually predicts, ranks, filters, or imitates observed behavior rather than preserving unrealized branches.",The observed outcome is enough to supervise the model.,"Contact mode support, embodiment limits, and deployment perturbations.","Branch collapse, hidden-mode shift, and tail-risk planning failures.",Generic world models and generic uncertainty are crowded.,Human video physical intent disambiguation keeps action-critical alternatives explicit until a physical observation collapses them.
49,doi:10.1016/j.cirp.2022.04.048,On deformable object handling: Model-based motion planning for human-robot co-manipulation,2022,CIRP Annals,https://doi.org/10.1016/j.cirp.2022.04.048,Addresses learning robots from human video or a neighboring robotics mechanism.,"Prior work usually predicts, ranks, filters, or imitates observed behavior rather than preserving unrealized branches.",The observed outcome is enough to supervise the model.,"Contact mode support, embodiment limits, and deployment perturbations.","Branch collapse, hidden-mode shift, and tail-risk planning failures.",Generic world models and generic uncertainty are crowded.,Human video physical intent disambiguation keeps action-critical alternatives explicit until a physical observation collapses them.
50,doi:10.1016/j.ifacol.2023.10.174,Next Level of Human-Robot Collaboration by Utilizing AI Pose Estimation and Model Predictive Motion Planning Technologies,2023,IFAC-PapersOnLine,https://doi.org/10.1016/j.ifacol.2023.10.174,Addresses learning robots from human video or a neighboring robotics mechanism.,"Prior work usually predicts, ranks, filters, or imitates observed behavior rather than preserving unrealized branches.",The observed outcome is enough to supervise the model.,"Contact mode support, embodiment limits, and deployment perturbations.","Branch collapse, hidden-mode shift, and tail-risk planning failures.",Generic world models and generic uncertainty are crowded.,Human video physical intent disambiguation keeps action-critical alternatives explicit until a physical observation collapses them.
51,doi:10.1515/pjbr-2015-0002,Open-source benchmarking for learned reaching motion generation in robotics,2015,"Paladyn, Journal of Behavioral Robotics",https://doi.org/10.1515/pjbr-2015-0002,Addresses learning robots from human video or a neighboring robotics mechanism.,"Prior work usually predicts, ranks, filters, or imitates observed behavior rather than preserving unrealized branches.",The observed outcome is enough to supervise the model.,"Contact mode support, embodiment limits, and deployment perturbations.","Branch collapse, hidden-mode shift, and tail-risk planning failures.",Generic world models and generic uncertainty are crowded.,Human video physical intent disambiguation keeps action-critical alternatives explicit until a physical observation collapses them.
52,doi:10.1049/csy2.12020,A survey of learning‐based robot motion planning,2021,IET Cyber-Systems and Robotics,https://doi.org/10.1049/csy2.12020,Addresses learning robots from human video or a neighboring robotics mechanism.,"Prior work usually predicts, ranks, filters, or imitates observed behavior rather than preserving unrealized branches.",The observed outcome is enough to supervise the model.,"Contact mode support, embodiment limits, and deployment perturbations.","Branch collapse, hidden-mode shift, and tail-risk planning failures.",Generic world models and generic uncertainty are crowded.,Human video physical intent disambiguation keeps action-critical alternatives explicit until a physical observation collapses them.
53,doi:10.1609/aaai.v40i22.38892,Learning Object-Centric Motion Priors from Human for Robotic Dexterous Manipulation,2026,Proceedings of the AAAI Conference on Artificial Intelligence,https://doi.org/10.1609/aaai.v40i22.38892,Addresses learning robots from human video or a neighboring robotics mechanism.,"Prior work usually predicts, ranks, filters, or imitates observed behavior rather than preserving unrealized branches.",The observed outcome is enough to supervise the model.,"Contact mode support, embodiment limits, and deployment perturbations.","Branch collapse, hidden-mode shift, and tail-risk planning failures.",Generic world models and generic uncertainty are crowded.,Human video physical intent disambiguation keeps action-critical alternatives explicit until a physical observation collapses them.
54,doi:10.1609/aaai.v40i29.39677,Continuous Vision-Language-Action Co-Learning with Semantic-Physical Alignment for Behavioral Cloning,2026,Proceedings of the AAAI Conference on Artificial Intelligence,https://doi.org/10.1609/aaai.v40i29.39677,Addresses learning robots from human video or a neighboring robotics mechanism.,"Prior work usually predicts, ranks, filters, or imitates observed behavior rather than preserving unrealized branches.",The observed outcome is enough to supervise the model.,"Contact mode support, embodiment limits, and deployment perturbations.","Branch collapse, hidden-mode shift, and tail-risk planning failures.",Generic world models and generic uncertainty are crowded.,Human video physical intent disambiguation keeps action-critical alternatives explicit until a physical observation collapses them.
55,doi:10.3390/plants14050634,Compliant Motion Planning Integrating Human Skill for Robotic Arm Collecting Tomato Bunch Based on Improved DDPG,2025,Plants,https://doi.org/10.3390/plants14050634,Addresses learning robots from human video or a neighboring robotics mechanism.,"Prior work usually predicts, ranks, filters, or imitates observed behavior rather than preserving unrealized branches.",The observed outcome is enough to supervise the model.,"Contact mode support, embodiment limits, and deployment perturbations.","Branch collapse, hidden-mode shift, and tail-risk planning failures.",Generic world models and generic uncertainty are crowded.,Human video physical intent disambiguation keeps action-critical alternatives explicit until a physical observation collapses them.
56,doi:10.1109/tmech.2023.3275316,Task-Constrained Motion Planning Considering Uncertainty-Informed Human Motion Prediction for Human–Robot Collaborative Disassembly,2023,IEEE/ASME Transactions on Mechatronics,https://doi.org/10.1109/tmech.2023.3275316,Addresses learning robots from human video or a neighboring robotics mechanism.,"Prior work usually predicts, ranks, filters, or imitates observed behavior rather than preserving unrealized branches.",The observed outcome is enough to supervise the model.,"Contact mode support, embodiment limits, and deployment perturbations.","Branch collapse, hidden-mode shift, and tail-risk planning failures.",Generic world models and generic uncertainty are crowded.,Human video physical intent disambiguation keeps action-critical alternatives explicit until a physical observation collapses them.
57,doi:10.1007/978-3-031-81688-8_8,A Large Language Model-Based Motion Planning for Human-Robot Interaction: An Experimental Case Study,2025,Springer Proceedings in Advanced Robotics Human-Friendly Robotics 2024,https://doi.org/10.1007/978-3-031-81688-8_8,Addresses learning robots from human video or a neighboring robotics mechanism.,"Prior work usually predicts, ranks, filters, or imitates observed behavior rather than preserving unrealized branches.",The observed outcome is enough to supervise the model.,"Contact mode support, embodiment limits, and deployment perturbations.","Branch collapse, hidden-mode shift, and tail-risk planning failures.",Generic world models and generic uncertainty are crowded.,Human video physical intent disambiguation keeps action-critical alternatives explicit until a physical observation collapses them.
58,doi:10.3390/electronics9040568,Learning Effective Skeletal Representations on RGB Video for Fine-Grained Human Action Quality Assessment,2020,Electronics,https://doi.org/10.3390/electronics9040568,Addresses learning robots from human video or a neighboring robotics mechanism.,"Prior work usually predicts, ranks, filters, or imitates observed behavior rather than preserving unrealized branches.",The observed outcome is enough to supervise the model.,"Contact mode support, embodiment limits, and deployment perturbations.","Branch collapse, hidden-mode shift, and tail-risk planning failures.",Generic world models and generic uncertainty are crowded.,Human video physical intent disambiguation keeps action-critical alternatives explicit until a physical observation collapses them.
59,doi:10.1109/lra.2021.3083581,Safety-Aware Nonlinear Model Predictive Control for Physical Human-Robot Interaction,2021,IEEE Robotics and Automation Letters,https://doi.org/10.1109/lra.2021.3083581,Addresses learning robots from human video or a neighboring robotics mechanism.,"Prior work usually predicts, ranks, filters, or imitates observed behavior rather than preserving unrealized branches.",The observed outcome is enough to supervise the model.,"Contact mode support, embodiment limits, and deployment perturbations.","Branch collapse, hidden-mode shift, and tail-risk planning failures.",Generic world models and generic uncertainty are crowded.,Human video physical intent disambiguation keeps action-critical alternatives explicit until a physical observation collapses them.
60,arxiv:2307.05959v1,Giving Robots a Hand: Learning Generalizable Manipulation with Eye-in-Hand Human Video Demonstrations,2023,arXiv,http://arxiv.org/abs/2307.05959v1,Addresses learning robots from human video or a neighboring robotics mechanism.,"Prior work usually predicts, ranks, filters, or imitates observed behavior rather than preserving unrealized branches.",The observed outcome is enough to supervise the model.,"Contact mode support, embodiment limits, and deployment perturbations.","Branch collapse, hidden-mode shift, and tail-risk planning failures.",Generic world models and generic uncertainty are crowded.,Human video physical intent disambiguation keeps action-critical alternatives explicit until a physical observation collapses them.
61,doi:10.17762/itii.v9i1.124,FRAME SAMPLING ASSISTED DEPTH MOTION MAPS FOR DEPTH BASED HUMAN ACTION RECOGNITION,2021,INFORMATION TECHNOLOGY IN INDUSTRY,https://doi.org/10.17762/itii.v9i1.124,Addresses learning robots from human video or a neighboring robotics mechanism.,"Prior work usually predicts, ranks, filters, or imitates observed behavior rather than preserving unrealized branches.",The observed outcome is enough to supervise the model.,"Contact mode support, embodiment limits, and deployment perturbations.","Branch collapse, hidden-mode shift, and tail-risk planning failures.",Generic world models and generic uncertainty are crowded.,Human video physical intent disambiguation keeps action-critical alternatives explicit until a physical observation collapses them.
62,doi:10.1115/detc2016-60499,"Using Kinect to Capture Human Motion for Mechanism Synthesis, Motion Generation and Visualization",2016,Volume 5A: 40th Mechanisms and Robotics Conference,https://doi.org/10.1115/detc2016-60499,Addresses learning robots from human video or a neighboring robotics mechanism.,"Prior work usually predicts, ranks, filters, or imitates observed behavior rather than preserving unrealized branches.",The observed outcome is enough to supervise the model.,"Contact mode support, embodiment limits, and deployment perturbations.","Branch collapse, hidden-mode shift, and tail-risk planning failures.",Generic world models and generic uncertainty are crowded.,Human video physical intent disambiguation keeps action-critical alternatives explicit until a physical observation collapses them.
63,arxiv:2604.21741v2,Hi-WM: Human-in-the-World-Model for Scalable Robot Post-Training,2026,arXiv,http://arxiv.org/abs/2604.21741v2,Addresses learning robots from human video or a neighboring robotics mechanism.,"Prior work usually predicts, ranks, filters, or imitates observed behavior rather than preserving unrealized branches.",The observed outcome is enough to supervise the model.,"Contact mode support, embodiment limits, and deployment perturbations.","Branch collapse, hidden-mode shift, and tail-risk planning failures.",Generic world models and generic uncertainty are crowded.,Human video physical intent disambiguation keeps action-critical alternatives explicit until a physical observation collapses them.
64,doi:10.3389/frobt.2021.721890,Using Probabilistic Movement Primitives in Analyzing Human Motion Differences Under Transcranial Current Stimulation,2021,Frontiers in Robotics and AI,https://doi.org/10.3389/frobt.2021.721890,Addresses learning robots from human video or a neighboring robotics mechanism.,"Prior work usually predicts, ranks, filters, or imitates observed behavior rather than preserving unrealized branches.",The observed outcome is enough to supervise the model.,"Contact mode support, embodiment limits, and deployment perturbations.","Branch collapse, hidden-mode shift, and tail-risk planning failures.",Generic world models and generic uncertainty are crowded.,Human video physical intent disambiguation keeps action-critical alternatives explicit until a physical observation collapses them.
65,arxiv:2101.07241v2,Learning by Watching: Physical Imitation of Manipulation Skills from Human Videos,2021,arXiv,http://arxiv.org/abs/2101.07241v2,Addresses learning robots from human video or a neighboring robotics mechanism.,"Prior work usually predicts, ranks, filters, or imitates observed behavior rather than preserving unrealized branches.",The observed outcome is enough to supervise the model.,"Contact mode support, embodiment limits, and deployment perturbations.","Branch collapse, hidden-mode shift, and tail-risk planning failures.",Generic world models and generic uncertainty are crowded.,Human video physical intent disambiguation keeps action-critical alternatives explicit until a physical observation collapses them.
66,doi:10.1145/3173386.3176955,Inertial Human Motion Estimation for Physical Human-Robot Interaction Using an Interaction Velocity Update to Reduce Drift,2018,Companion of the 2018 ACM/IEEE International Conference on Human-Robot Interaction,https://doi.org/10.1145/3173386.3176955,Addresses learning robots from human video or a neighboring robotics mechanism.,"Prior work usually predicts, ranks, filters, or imitates observed behavior rather than preserving unrealized branches.",The observed outcome is enough to supervise the model.,"Contact mode support, embodiment limits, and deployment perturbations.","Branch collapse, hidden-mode shift, and tail-risk planning failures.",Generic world models and generic uncertainty are crowded.,Human video physical intent disambiguation keeps action-critical alternatives explicit until a physical observation collapses them.
67,doi:10.3390/s21248229,A Human-Following Motion Planning and Control Scheme for Collaborative Robots Based on Human Motion Prediction,2021,Sensors,https://doi.org/10.3390/s21248229,Addresses learning robots from human video or a neighboring robotics mechanism.,"Prior work usually predicts, ranks, filters, or imitates observed behavior rather than preserving unrealized branches.",The observed outcome is enough to supervise the model.,"Contact mode support, embodiment limits, and deployment perturbations.","Branch collapse, hidden-mode shift, and tail-risk planning failures.",Generic world models and generic uncertainty are crowded.,Human video physical intent disambiguation keeps action-critical alternatives explicit until a physical observation collapses them.
68,doi:10.1109/tase.2024.3415650,A Physical Human–Robot Interaction Framework for Trajectory Adaptation Based on Human Motion Prediction and Adaptive Impedance Control,2025,IEEE Transactions on Automation Science and Engineering,https://doi.org/10.1109/tase.2024.3415650,Addresses learning robots from human video or a neighboring robotics mechanism.,"Prior work usually predicts, ranks, filters, or imitates observed behavior rather than preserving unrealized branches.",The observed outcome is enough to supervise the model.,"Contact mode support, embodiment limits, and deployment perturbations.","Branch collapse, hidden-mode shift, and tail-risk planning failures.",Generic world models and generic uncertainty are crowded.,Human video physical intent disambiguation keeps action-critical alternatives explicit until a physical observation collapses them.
69,doi:10.1049/iet-cvi.2015.0233,Human action recognition using histogram of motion intensity and direction from multiple views,2016,IET Computer Vision,https://doi.org/10.1049/iet-cvi.2015.0233,Addresses learning robots from human video or a neighboring robotics mechanism.,"Prior work usually predicts, ranks, filters, or imitates observed behavior rather than preserving unrealized branches.",The observed outcome is enough to supervise the model.,"Contact mode support, embodiment limits, and deployment perturbations.","Branch collapse, hidden-mode shift, and tail-risk planning failures.",Generic world models and generic uncertainty are crowded.,Human video physical intent disambiguation keeps action-critical alternatives explicit until a physical observation collapses them.
70,doi:10.1145/3354139,Learning the Correct Robot Trajectory in Real-Time from Physical Human Interactions,2020,ACM Transactions on Human-Robot Interaction,https://doi.org/10.1145/3354139,Addresses learning robots from human video or a neighboring robotics mechanism.,"Prior work usually predicts, ranks, filters, or imitates observed behavior rather than preserving unrealized branches.",The observed outcome is enough to supervise the model.,"Contact mode support, embodiment limits, and deployment perturbations.","Branch collapse, hidden-mode shift, and tail-risk planning failures.",Generic world models and generic uncertainty are crowded.,Human video physical intent disambiguation keeps action-critical alternatives explicit until a physical observation collapses them.
71,doi:10.1177/0278364920940408,Video dataset of human demonstrations of folding clothing for robotic folding,2020,The International Journal of Robotics Research,https://doi.org/10.1177/0278364920940408,Addresses learning robots from human video or a neighboring robotics mechanism.,"Prior work usually predicts, ranks, filters, or imitates observed behavior rather than preserving unrealized branches.",The observed outcome is enough to supervise the model.,"Contact mode support, embodiment limits, and deployment perturbations.","Branch collapse, hidden-mode shift, and tail-risk planning failures.",Generic world models and generic uncertainty are crowded.,Human video physical intent disambiguation keeps action-critical alternatives explicit until a physical observation collapses them.
72,doi:10.37544/1436-4980-2018-09-42,Tool: Eine Sprachdomäne für die Montageplanung*/A domain specific language for assembly planning – Software-supported planning of human-robot cooperation based on ontologies,2018,wt Werkstattstechnik online,https://doi.org/10.37544/1436-4980-2018-09-42,Addresses learning robots from human video or a neighboring robotics mechanism.,"Prior work usually predicts, ranks, filters, or imitates observed behavior rather than preserving unrealized branches.",The observed outcome is enough to supervise the model.,"Contact mode support, embodiment limits, and deployment perturbations.","Branch collapse, hidden-mode shift, and tail-risk planning failures.",Generic world models and generic uncertainty are crowded.,Human video physical intent disambiguation keeps action-critical alternatives explicit until a physical observation collapses them.
73,doi:10.1115/isps2020-1912,Development of Human-Like Motion Planning Method Using Task Constrained for Humanoid Robotic Arm With Non-Offset Wrist,2020,ASME 2020 29th Conference on Information Storage and Processing Systems,https://doi.org/10.1115/isps2020-1912,Addresses learning robots from human video or a neighboring robotics mechanism.,"Prior work usually predicts, ranks, filters, or imitates observed behavior rather than preserving unrealized branches.",The observed outcome is enough to supervise the model.,"Contact mode support, embodiment limits, and deployment perturbations.","Branch collapse, hidden-mode shift, and tail-risk planning failures.",Generic world models and generic uncertainty are crowded.,Human video physical intent disambiguation keeps action-critical alternatives explicit until a physical observation collapses them.
74,doi:10.1109/ro-man47096.2020.9223483,A Layered Control Approach to Human-Aware Task and Motion Planning for Human-Robot Collaboration,2020,2020 29th IEEE International Conference on Robot and Human Interactive Communication (RO-MAN),https://doi.org/10.1109/ro-man47096.2020.9223483,Addresses learning robots from human video or a neighboring robotics mechanism.,"Prior work usually predicts, ranks, filters, or imitates observed behavior rather than preserving unrealized branches.",The observed outcome is enough to supervise the model.,"Contact mode support, embodiment limits, and deployment perturbations.","Branch collapse, hidden-mode shift, and tail-risk planning failures.",Generic world models and generic uncertainty are crowded.,Human video physical intent disambiguation keeps action-critical alternatives explicit until a physical observation collapses them.
75,arxiv:2509.10952v1,ImMimic: Cross-Domain Imitation from Human Videos via Mapping and Interpolation,2025,arXiv,http://arxiv.org/abs/2509.10952v1,Addresses learning robots from human video or a neighboring robotics mechanism.,"Prior work usually predicts, ranks, filters, or imitates observed behavior rather than preserving unrealized branches.",The observed outcome is enough to supervise the model.,"Contact mode support, embodiment limits, and deployment perturbations.","Branch collapse, hidden-mode shift, and tail-risk planning failures.",Generic world models and generic uncertainty are crowded.,Human video physical intent disambiguation keeps action-critical alternatives explicit until a physical observation collapses them.
76,doi:10.1007/s11370-022-00432-8,Human motion quality and accuracy measuring method for human–robot physical interactions,2022,Intelligent Service Robotics,https://doi.org/10.1007/s11370-022-00432-8,Addresses learning robots from human video or a neighboring robotics mechanism.,"Prior work usually predicts, ranks, filters, or imitates observed behavior rather than preserving unrealized branches.",The observed outcome is enough to supervise the model.,"Contact mode support, embodiment limits, and deployment perturbations.","Branch collapse, hidden-mode shift, and tail-risk planning failures.",Generic world models and generic uncertainty are crowded.,Human video physical intent disambiguation keeps action-critical alternatives explicit until a physical observation collapses them.
77,doi:10.1109/lra.2018.2812916,Stable and Compliant Motion of Physical Human–Robot Interaction Coupled With a Moving Environment Using Variable Admittance and Adaptive Control,2018,IEEE Robotics and Automation Letters,https://doi.org/10.1109/lra.2018.2812916,Addresses learning robots from human video or a neighboring robotics mechanism.,"Prior work usually predicts, ranks, filters, or imitates observed behavior rather than preserving unrealized branches.",The observed outcome is enough to supervise the model.,"Contact mode support, embodiment limits, and deployment perturbations.","Branch collapse, hidden-mode shift, and tail-risk planning failures.",Generic world models and generic uncertainty are crowded.,Human video physical intent disambiguation keeps action-critical alternatives explicit until a physical observation collapses them.
78,doi:10.1016/j.imavis.2023.104750,ATOM: Self-supervised human action recognition using atomic motion representation learning,2023,Image and Vision Computing,https://doi.org/10.1016/j.imavis.2023.104750,Addresses learning robots from human video or a neighboring robotics mechanism.,"Prior work usually predicts, ranks, filters, or imitates observed behavior rather than preserving unrealized branches.",The observed outcome is enough to supervise the model.,"Contact mode support, embodiment limits, and deployment perturbations.","Branch collapse, hidden-mode shift, and tail-risk planning failures.",Generic world models and generic uncertainty are crowded.,Human video physical intent disambiguation keeps action-critical alternatives explicit until a physical observation collapses them.
79,doi:10.1109/icra.2011.5980468,The Motion Grammar for physical human-robot games,2011,,https://doi.org/10.1109/icra.2011.5980468,Addresses learning robots from human video or a neighboring robotics mechanism.,"Prior work usually predicts, ranks, filters, or imitates observed behavior rather than preserving unrealized branches.",The observed outcome is enough to supervise the model.,"Contact mode support, embodiment limits, and deployment perturbations.","Branch collapse, hidden-mode shift, and tail-risk planning failures.",Generic world models and generic uncertainty are crowded.,Human video physical intent disambiguation keeps action-critical alternatives explicit until a physical observation collapses them.
80,doi:10.1145/3359614,Probabilistic Human Intent Recognition for Shared Autonomy in Assistive Robotics,2020,ACM Transactions on Human-Robot Interaction,https://doi.org/10.1145/3359614,Addresses learning robots from human video or a neighboring robotics mechanism.,"Prior work usually predicts, ranks, filters, or imitates observed behavior rather than preserving unrealized branches.",The observed outcome is enough to supervise the model.,"Contact mode support, embodiment limits, and deployment perturbations.","Branch collapse, hidden-mode shift, and tail-risk planning failures.",Generic world models and generic uncertainty are crowded.,Human video physical intent disambiguation keeps action-critical alternatives explicit until a physical observation collapses them.
81,doi:10.3390/machines13080672,An NMPC-ECBF Framework for Dynamic Motion Planning and Execution in Vision-Based Human–Robot Collaboration,2025,Machines,https://doi.org/10.3390/machines13080672,Addresses learning robots from human video or a neighboring robotics mechanism.,"Prior work usually predicts, ranks, filters, or imitates observed behavior rather than preserving unrealized branches.",The observed outcome is enough to supervise the model.,"Contact mode support, embodiment limits, and deployment perturbations.","Branch collapse, hidden-mode shift, and tail-risk planning failures.",Generic world models and generic uncertainty are crowded.,Human video physical intent disambiguation keeps action-critical alternatives explicit until a physical observation collapses them.
82,doi:10.1109/tmech.2024.3402682,Integrating Uncertainty-Aware Human Motion Prediction Into Graph-Based Manipulator Motion Planning,2024,IEEE/ASME Transactions on Mechatronics,https://doi.org/10.1109/tmech.2024.3402682,Addresses learning robots from human video or a neighboring robotics mechanism.,"Prior work usually predicts, ranks, filters, or imitates observed behavior rather than preserving unrealized branches.",The observed outcome is enough to supervise the model.,"Contact mode support, embodiment limits, and deployment perturbations.","Branch collapse, hidden-mode shift, and tail-risk planning failures.",Generic world models and generic uncertainty are crowded.,Human video physical intent disambiguation keeps action-critical alternatives explicit until a physical observation collapses them.
83,doi:10.1017/s0263574720000958,Physical Human–Robot Cooperation Based on Robust Motion Intention Estimation,2020,Robotica,https://doi.org/10.1017/s0263574720000958,Addresses learning robots from human video or a neighboring robotics mechanism.,"Prior work usually predicts, ranks, filters, or imitates observed behavior rather than preserving unrealized branches.",The observed outcome is enough to supervise the model.,"Contact mode support, embodiment limits, and deployment perturbations.","Branch collapse, hidden-mode shift, and tail-risk planning failures.",Generic world models and generic uncertainty are crowded.,Human video physical intent disambiguation keeps action-critical alternatives explicit until a physical observation collapses them.
84,doi:10.3389/frobt.2022.916153,Benchmarking the utility of maps of dynamics for human-aware motion planning,2022,Frontiers in Robotics and AI,https://doi.org/10.3389/frobt.2022.916153,Addresses learning robots from human video or a neighboring robotics mechanism.,"Prior work usually predicts, ranks, filters, or imitates observed behavior rather than preserving unrealized branches.",The observed outcome is enough to supervise the model.,"Contact mode support, embodiment limits, and deployment perturbations.","Branch collapse, hidden-mode shift, and tail-risk planning failures.",Generic world models and generic uncertainty are crowded.,Human video physical intent disambiguation keeps action-critical alternatives explicit until a physical observation collapses them.
85,doi:10.1038/s41598-026-41536-w,The SEWAbility system: a video-based job analysis framework for understanding task-specific job demands,2026,Scientific Reports,https://doi.org/10.1038/s41598-026-41536-w,Addresses learning robots from human video or a neighboring robotics mechanism.,"Prior work usually predicts, ranks, filters, or imitates observed behavior rather than preserving unrealized branches.",The observed outcome is enough to supervise the model.,"Contact mode support, embodiment limits, and deployment perturbations.","Branch collapse, hidden-mode shift, and tail-risk planning failures.",Generic world models and generic uncertainty are crowded.,Human video physical intent disambiguation keeps action-critical alternatives explicit until a physical observation collapses them.
86,doi:10.54097/bk1cd370,Deep Learning-Based Recognition and Visualization of Human Motion Behavior,2024,Academic Journal of Science and Technology,https://doi.org/10.54097/bk1cd370,Addresses learning robots from human video or a neighboring robotics mechanism.,"Prior work usually predicts, ranks, filters, or imitates observed behavior rather than preserving unrealized branches.",The observed outcome is enough to supervise the model.,"Contact mode support, embodiment limits, and deployment perturbations.","Branch collapse, hidden-mode shift, and tail-risk planning failures.",Generic world models and generic uncertainty are crowded.,Human video physical intent disambiguation keeps action-critical alternatives explicit until a physical observation collapses them.
87,doi:10.1109/access.2020.2971283,Real-Time Detection and Motion Recognition of Human Moving Objects Based on Deep Learning and Multi-Scale Feature Fusion in Video,2020,IEEE Access,https://doi.org/10.1109/access.2020.2971283,Addresses learning robots from human video or a neighboring robotics mechanism.,"Prior work usually predicts, ranks, filters, or imitates observed behavior rather than preserving unrealized branches.",The observed outcome is enough to supervise the model.,"Contact mode support, embodiment limits, and deployment perturbations.","Branch collapse, hidden-mode shift, and tail-risk planning failures.",Generic world models and generic uncertainty are crowded.,Human video physical intent disambiguation keeps action-critical alternatives explicit until a physical observation collapses them.
88,title:synthesizing robotic handwriting motion by learning from human demonstrations,Synthesizing robotic handwriting motion by learning from human demonstrations,2016,Repositório do ISCTE-IUL,https://openalex.org/W2472506550,Addresses learning robots from human video or a neighboring robotics mechanism.,"Prior work usually predicts, ranks, filters, or imitates observed behavior rather than preserving unrealized branches.",The observed outcome is enough to supervise the model.,"Contact mode support, embodiment limits, and deployment perturbations.","Branch collapse, hidden-mode shift, and tail-risk planning failures.",Generic world models and generic uncertainty are crowded.,Human video physical intent disambiguation keeps action-critical alternatives explicit until a physical observation collapses them.
89,doi:10.1109/tii.2023.3280320,Dynamic Motion Primitives-Based Trajectory Learning for Physical Human–Robot Interaction Force Control,2024,IEEE Transactions on Industrial Informatics,https://doi.org/10.1109/tii.2023.3280320,Addresses learning robots from human video or a neighboring robotics mechanism.,"Prior work usually predicts, ranks, filters, or imitates observed behavior rather than preserving unrealized branches.",The observed outcome is enough to supervise the model.,"Contact mode support, embodiment limits, and deployment perturbations.","Branch collapse, hidden-mode shift, and tail-risk planning failures.",Generic world models and generic uncertainty are crowded.,Human video physical intent disambiguation keeps action-critical alternatives explicit until a physical observation collapses them.
90,doi:10.3390/s21124012,How Imitation Learning and Human Factors Can Be Combined in a Model Predictive Control Algorithm for Adaptive Motion Planning and Control,2021,Sensors,https://doi.org/10.3390/s21124012,Addresses learning robots from human video or a neighboring robotics mechanism.,"Prior work usually predicts, ranks, filters, or imitates observed behavior rather than preserving unrealized branches.",The observed outcome is enough to supervise the model.,"Contact mode support, embodiment limits, and deployment perturbations.","Branch collapse, hidden-mode shift, and tail-risk planning failures.",Generic world models and generic uncertainty are crowded.,Human video physical intent disambiguation keeps action-critical alternatives explicit until a physical observation collapses them.
91,doi:10.1016/j.robot.2025.105224,Effect of efficiently computed explanations for robot motion planning failures in human–robot interaction,2026,Robotics and Autonomous Systems,https://doi.org/10.1016/j.robot.2025.105224,Addresses learning robots from human video or a neighboring robotics mechanism.,"Prior work usually predicts, ranks, filters, or imitates observed behavior rather than preserving unrealized branches.",The observed outcome is enough to supervise the model.,"Contact mode support, embodiment limits, and deployment perturbations.","Branch collapse, hidden-mode shift, and tail-risk planning failures.",Generic world models and generic uncertainty are crowded.,Human video physical intent disambiguation keeps action-critical alternatives explicit until a physical observation collapses them.
92,doi:10.1016/j.imavis.2025.105748,PHMG: Prompt-based Human Motion Generation for action recognition,2025,Image and Vision Computing,https://doi.org/10.1016/j.imavis.2025.105748,Addresses learning robots from human video or a neighboring robotics mechanism.,"Prior work usually predicts, ranks, filters, or imitates observed behavior rather than preserving unrealized branches.",The observed outcome is enough to supervise the model.,"Contact mode support, embodiment limits, and deployment perturbations.","Branch collapse, hidden-mode shift, and tail-risk planning failures.",Generic world models and generic uncertainty are crowded.,Human video physical intent disambiguation keeps action-critical alternatives explicit until a physical observation collapses them.
93,doi:10.3390/rs13214481,Drone-Based Autonomous Motion Planning System for Outdoor Environments under Object Detection Uncertainty,2021,Remote Sensing,https://doi.org/10.3390/rs13214481,Addresses learning robots from human video or a neighboring robotics mechanism.,"Prior work usually predicts, ranks, filters, or imitates observed behavior rather than preserving unrealized branches.",The observed outcome is enough to supervise the model.,"Contact mode support, embodiment limits, and deployment perturbations.","Branch collapse, hidden-mode shift, and tail-risk planning failures.",Generic world models and generic uncertainty are crowded.,Human video physical intent disambiguation keeps action-critical alternatives explicit until a physical observation collapses them.
94,doi:10.3390/robotics11060138,A Narrative Review on Wearable Inertial Sensors for Human Motion Tracking in Industrial Scenarios,2022,Robotics,https://doi.org/10.3390/robotics11060138,Addresses learning robots from human video or a neighboring robotics mechanism.,"Prior work usually predicts, ranks, filters, or imitates observed behavior rather than preserving unrealized branches.",The observed outcome is enough to supervise the model.,"Contact mode support, embodiment limits, and deployment perturbations.","Branch collapse, hidden-mode shift, and tail-risk planning failures.",Generic world models and generic uncertainty are crowded.,Human video physical intent disambiguation keeps action-critical alternatives explicit until a physical observation collapses them.
95,doi:10.1177/0278364919842925,Communicating and controlling robot arm motion intent through mixed-reality head-mounted displays,2019,The International Journal of Robotics Research,https://doi.org/10.1177/0278364919842925,Addresses learning robots from human video or a neighboring robotics mechanism.,"Prior work usually predicts, ranks, filters, or imitates observed behavior rather than preserving unrealized branches.",The observed outcome is enough to supervise the model.,"Contact mode support, embodiment limits, and deployment perturbations.","Branch collapse, hidden-mode shift, and tail-risk planning failures.",Generic world models and generic uncertainty are crowded.,Human video physical intent disambiguation keeps action-critical alternatives explicit until a physical observation collapses them.
96,arxiv:2606.06556v1,Robots Need More than VLA and World Models,2026,arXiv,http://arxiv.org/abs/2606.06556v1,Addresses learning robots from human video or a neighboring robotics mechanism.,"Prior work usually predicts, ranks, filters, or imitates observed behavior rather than preserving unrealized branches.",The observed outcome is enough to supervise the model.,"Contact mode support, embodiment limits, and deployment perturbations.","Branch collapse, hidden-mode shift, and tail-risk planning failures.",Generic world models and generic uncertainty are crowded.,Human video physical intent disambiguation keeps action-critical alternatives explicit until a physical observation collapses them.
97,arxiv:2404.14547v1,Integrating Disambiguation and User Preferences into Large Language Models for Robot Motion Planning,2024,arXiv,http://arxiv.org/abs/2404.14547v1,Addresses learning robots from human video or a neighboring robotics mechanism.,"Prior work usually predicts, ranks, filters, or imitates observed behavior rather than preserving unrealized branches.",The observed outcome is enough to supervise the model.,"Contact mode support, embodiment limits, and deployment perturbations.","Branch collapse, hidden-mode shift, and tail-risk planning failures.",Generic world models and generic uncertainty are crowded.,Human video physical intent disambiguation keeps action-critical alternatives explicit until a physical observation collapses them.
98,doi:10.1016/j.cviu.2021.103276,MetaVD: A Meta Video Dataset for enhancing human action recognition datasets,2021,Computer Vision and Image Understanding,https://doi.org/10.1016/j.cviu.2021.103276,Addresses learning robots from human video or a neighboring robotics mechanism.,"Prior work usually predicts, ranks, filters, or imitates observed behavior rather than preserving unrealized branches.",The observed outcome is enough to supervise the model.,"Contact mode support, embodiment limits, and deployment perturbations.","Branch collapse, hidden-mode shift, and tail-risk planning failures.",Generic world models and generic uncertainty are crowded.,Human video physical intent disambiguation keeps action-critical alternatives explicit until a physical observation collapses them.
99,doi:10.3390/robotics14120180,Sim2Real Transfer of Imitation Learning of Motion Control for Car-like Mobile Robots Using Digital Twin Testbed,2025,Robotics,https://doi.org/10.3390/robotics14120180,Addresses learning robots from human video or a neighboring robotics mechanism.,"Prior work usually predicts, ranks, filters, or imitates observed behavior rather than preserving unrealized branches.",The observed outcome is enough to supervise the model.,"Contact mode support, embodiment limits, and deployment perturbations.","Branch collapse, hidden-mode shift, and tail-risk planning failures.",Generic world models and generic uncertainty are crowded.,Human video physical intent disambiguation keeps action-critical alternatives explicit until a physical observation collapses them.
100,arxiv:2501.03515v1,Effects of Robot Competency and Motion Legibility on Human Correction Feedback,2025,arXiv,http://arxiv.org/abs/2501.03515v1,Addresses learning robots from human video or a neighboring robotics mechanism.,"Prior work usually predicts, ranks, filters, or imitates observed behavior rather than preserving unrealized branches.",The observed outcome is enough to supervise the model.,"Contact mode support, embodiment limits, and deployment perturbations.","Branch collapse, hidden-mode shift, and tail-risk planning failures.",Generic world models and generic uncertainty are crowded.,Human video physical intent disambiguation keeps action-critical alternatives explicit until a physical observation collapses them.
